{"cameraMode":{"drawMode":0,"name":"Shaded","section":"Shading Mode"},"sceneLighting":false,"audioPlay":false,"sceneViewState":{"showFog":true,"showMaterialUpdate":false,"showSkybox":true,"showFlares":true,"showImageEffects":true,"showParticleSystems":true},"in2DMode":false,"pivot":{"x":-2.471068859100342,"y":0.17161378264427186,"z":4.4154558181762699},"rotation":{"x":-0.22461751103401185,"y":0.37730544805526736,"z":-0.09486021101474762,"w":-0.893414318561554},"size":3.9089362621307375,"orthographic":false}