{"cameraMode":{"drawMode":0,"name":"Shaded","section":"Shading Mode"},"sceneLighting":false,"audioPlay":false,"sceneViewState":{"showFog":true,"showMaterialUpdate":false,"showSkybox":true,"showFlares":true,"showImageEffects":true,"showParticleSystems":true},"in2DMode":false,"pivot":{"x":20.05628776550293,"y":0.5937023758888245,"z":4.010556221008301},"rotation":{"x":-0.22461751103401185,"y":0.37730544805526736,"z":-0.09486021101474762,"w":-0.893414318561554},"size":3.5753774642944338,"orthographic":false}