{"cameraMode":{"drawMode":0,"name":"Shaded","section":"Shading Mode"},"sceneLighting":false,"audioPlay":false,"sceneViewState":{"showFog":true,"showMaterialUpdate":false,"showSkybox":true,"showFlares":true,"showImageEffects":true,"showParticleSystems":true},"in2DMode":false,"pivot":{"x":-9.809462547302246,"y":0.7060806751251221,"z":-17.60101318359375},"rotation":{"x":-0.008115491829812527,"y":0.9914159774780273,"z":-0.1062980443239212,"w":-0.07569203525781632},"size":3.2753777503967287,"orthographic":false}