{"cameraMode":{"drawMode":0,"name":"Shaded","section":"Shading Mode"},"sceneLighting":false,"audioPlay":false,"sceneViewState":{"showFog":true,"showMaterialUpdate":false,"showSkybox":true,"showFlares":true,"showImageEffects":true,"showParticleSystems":true},"in2DMode":false,"pivot":{"x":0.9031506180763245,"y":0.7060806751251221,"z":21.218952178955079},"rotation":{"x":-0.13578476011753083,"y":0.7655782699584961,"z":-0.17184925079345704,"w":-0.6049134731292725},"size":3.2753772735595705,"orthographic":false}