{"cameraMode":{"drawMode":0,"name":"Shaded","section":"Shading Mode"},"sceneLighting":false,"audioPlay":false,"sceneViewState":{"showFog":true,"showMaterialUpdate":false,"showSkybox":true,"showFlares":true,"showImageEffects":true,"showParticleSystems":true},"in2DMode":false,"pivot":{"x":12.491189002990723,"y":-2.9521327018737795,"z":4.504759311676025},"rotation":{"x":-0.2167321741580963,"y":0.6739756464958191,"z":-0.21738120913505555,"w":-0.6719594597816467},"size":7.746567249298096,"orthographic":false}