{"cameraMode":{"drawMode":0,"name":"Shaded","section":"Shading Mode"},"sceneLighting":false,"audioPlay":false,"sceneViewState":{"showFog":true,"showMaterialUpdate":false,"showSkybox":true,"showFlares":true,"showImageEffects":true,"showParticleSystems":true},"in2DMode":false,"pivot":{"x":0.01992187649011612,"y":-0.23660781979560853,"z":-0.16574299335479737},"rotation":{"x":0.017432890832424165,"y":0.9509806036949158,"z":-0.3039015531539917,"w":0.05455169454216957},"size":1.1722910404205323,"orthographic":false}