{"cameraMode":{"drawMode":0,"name":"Shaded","section":"Shading Mode"},"sceneLighting":false,"audioPlay":false,"sceneViewState":{"showFog":true,"showMaterialUpdate":false,"showSkybox":true,"showFlares":true,"showImageEffects":true,"showParticleSystems":true},"in2DMode":false,"pivot":{"x":14.066666603088379,"y":5.70679235458374,"z":4.532098770141602},"rotation":{"x":0.14361834526062013,"y":0.6817220449447632,"z":-0.13912160694599152,"w":0.7037571668624878},"size":2.970057487487793,"orthographic":false}