{"cameraMode":{"drawMode":0,"name":"Shaded","section":"Shading Mode"},"sceneLighting":true,"audioPlay":false,"sceneViewState":{"showFog":true,"showMaterialUpdate":false,"showSkybox":true,"showFlares":true,"showImageEffects":true,"showParticleSystems":true},"in2DMode":false,"pivot":{"x":18.528860092163087,"y":20.321828842163087,"z":-104.8797836303711},"rotation":{"x":-0.0013177900109440089,"y":-0.9979903697967529,"z":0.0593491867184639,"w":-0.02216343581676483},"size":47.7309684753418,"orthographic":false}