{"cameraMode":{"drawMode":0,"name":"Shaded","section":"Shading Mode"},"sceneLighting":false,"audioPlay":false,"sceneViewState":{"showFog":true,"showMaterialUpdate":false,"showSkybox":true,"showFlares":true,"showImageEffects":true,"showParticleSystems":true},"in2DMode":false,"pivot":{"x":-1.670654296875,"y":6.298232078552246,"z":11.171635627746582},"rotation":{"x":-0.19955067336559297,"y":0.6522469520568848,"z":-0.1838972121477127,"w":-0.7077677845954895},"size":37.76823806762695,"orthographic":false}