{"cameraMode":{"drawMode":0,"name":"Shaded","section":"Shading Mode"},"sceneLighting":false,"audioPlay":false,"sceneViewState":{"showFog":true,"showMaterialUpdate":false,"showSkybox":true,"showFlares":true,"showImageEffects":true,"showParticleSystems":true},"in2DMode":false,"pivot":{"x":-17.081382751464845,"y":10.824804306030274,"z":5.687502861022949},"rotation":{"x":-0.2612977623939514,"y":0.7032689452171326,"z":-0.3165953755378723,"w":-0.5804340839385986},"size":5.100055694580078,"orthographic":false}