{"cameraMode":{"drawMode":0,"name":"Shaded","section":"Shading Mode"},"sceneLighting":false,"audioPlay":false,"sceneViewState":{"showFog":true,"showMaterialUpdate":false,"showSkybox":true,"showFlares":true,"showImageEffects":true,"showParticleSystems":true},"in2DMode":false,"pivot":{"x":19.108640670776368,"y":28.885982513427736,"z":-71.48959350585938},"rotation":{"x":-0.019953439012169839,"y":0.9800362586975098,"z":-0.1376088261604309,"w":-0.14210763573646546},"size":7.061872482299805,"orthographic":false}