{"cameraMode":{"drawMode":0,"name":"Shaded","section":"Shading Mode"},"sceneLighting":false,"audioPlay":false,"sceneViewState":{"showFog":true,"showMaterialUpdate":false,"showSkybox":true,"showFlares":true,"showImageEffects":true,"showParticleSystems":true},"in2DMode":false,"pivot":{"x":2.848275899887085,"y":7.306971073150635,"z":-1.2107572555541993},"rotation":{"x":-0.022222312167286874,"y":0.9389405250549316,"z":-0.33775827288627627,"w":-0.061776500195264819},"size":22.0,"orthographic":false}